x,y
0.6841596682843747,13.740372063575132
0.00036056410153784135,14.011864163851579
0.5499925809023227,13.961843016545098
0.37579783897252805,14.620038279174988
0.07358007314502357,14.824661913078742
0.901028909758345,13.970113544615286
0.3454591847308579,14.810773676504228
0.9128471011588379,13.982622569363862
1.2266862241427186,14.886157230943745
1.831754241619882,15.109539604741848
1.0844808973083233,14.536402983489337
0.4362281454771404,14.447379460556045
1.885806763366216,15.573210412105011
0.6867673928119238,13.723907294671491
1.4324934176397213,15.077506550654581
0.9816677034337389,14.189351910012418
0.3353893105850927,14.856552003489702
1.1310343042525433,14.633709995635915
1.1687562659029038,14.740003626815183
0.1749012111670707,15.251183903411725
0.7641653832348116,13.745457165469706
0.7152226717067842,13.718353655529917
0.6303377213008727,13.818972492989014
0.7438401663605598,13.719246165434507
0.09844498175355798,15.025651185376633
0.39613915446543135,14.591544152803284
1.1467611437624459,14.70658932484931
0.11648273946139986,15.108241667194758
1.970374775429569,16.67283217703355
0.6092697991728548,13.879773159026318
0.1776363921546853,15.230273744992793
1.356098968615879,15.077949797156085
1.7236797310647984,14.847179117574385
0.45617990733626645,14.334283849993554
0.10723590198392108,15.039038461106157
0.9488853253555984,14.101822908938331
1.284218762615368,15.020032170444415
1.6075455796937062,14.88538596053453
0.6981495779908031,13.729542353548032
1.9566377613560277,16.45189586894087
0.16414146760647097,15.186991855124246
0.4001921644581701,14.643649450595069
0.3610337891733839,14.757460245220383
0.7883291144300457,13.739622341556846
1.1942208624814599,14.814085658045219
1.3919887301168696,15.053682815583043
0.6123682385670255,13.776446826059036
1.4846100419175534,15.055651362069392
1.4400048320428323,15.035018705281333
0.17366104865196674,15.20921491384406
1.2064253139203096,14.851288509977033
1.6505161254068141,14.865450649828192
0.6995514975133521,13.731269413724515
1.1533973504098667,14.706528240225703
1.0866478034679772,14.532026895680135
1.3981527329422185,15.047918008036637
1.598840430020186,14.879662123503554
0.7864470937869945,13.761205540487886
1.0610298193011256,14.442007754873725
0.15522703236144286,15.204014103753627
0.13371882765544352,15.168224339426198
1.1835468929409076,14.783488433545381
0.8104610185209415,13.798888560483734
0.8279338298611008,13.793514355599955
0.5233905495710065,14.074508628143924
0.21604636137714484,15.210950774879366
0.9568117795780504,14.12690867331859
1.6881556757430034,14.832760790074882
1.6803750489049967,14.764547549036955
0.142000717651795,15.156888170040547
1.3693759770385945,14.995729723144871
0.42444944322026146,14.446995469085348
1.8292556423921058,15.17458298987476
1.9674795230850082,16.601436816538893
1.8544089074512171,15.306280415211175
0.8932505317625963,13.92895374238088
1.7119636850864124,14.784527469355142
0.4358690666636449,14.391516992170924
0.373511181932191,14.76534875190939
1.2066859678801165,14.859885474925084
1.4904544746897466,14.980678287058394
0.41959653321880697,14.496624646496253
1.8185258083016431,15.088094381429093
1.382904398128454,15.002973023885447
1.9407041600721704,16.180989898962313
1.1635005786676633,14.746816530023759
0.3515742952419829,14.80737472349114
0.664187231298559,13.722857357489529
0.6920253823271796,13.721978532579643
0.7911340168224175,13.785249571976031
0.33889755113898645,14.833176116846651
1.2719556721002723,15.002280257205104
0.16782714852105984,15.186514551288662
1.7926250211250105,14.978173325544313
0.7491169547338852,13.718423224639503
1.8637406667897332,15.392412444398508
1.32215761001443,14.996785799442872
1.3964623711728688,15.076346395396527
0.1105327770055593,15.066562857922595
0.820858528218865,13.81481560676431
1.9745311520425415,16.772218165919877
0.4835484343707652,14.29314248826664
1.536307534172711,14.982826176305295
0.4869026173793547,14.222630746317838
0.44081745422839314,14.431729324556743
0.16146030841472836,15.209202018394292
0.9639494570378553,14.135538251529661
0.10398186896778028,15.016649009541148
1.365462128759782,15.057893387665652
1.3480585478678315,15.040178954537613
1.3266911966590815,15.009684357832633
1.8562232991979066,15.323936218070418
1.0747720861675198,14.455703036466959
1.9844108551431823,16.895779952056177
0.8605298773645242,13.854081683579643
1.3148688453172046,15.003981148969979
1.5766278323282492,14.863235013048095
0.5445067696802242,13.995372456346942
0.48809875424751814,14.224963345944259
0.5868551838561948,13.930394671601062
1.726425376223885,14.825077695437594
0.664922416595183,13.802683755601432
1.2587920462271358,14.96023355843998
1.2305435945680074,14.890097250929061
0.9990050600630984,14.243500956245834
0.7190486274622898,13.739160618637527
1.4156941116778994,15.04974712885961
1.192919024287896,14.80262080255477
1.9922562676131041,17.127099572118087
0.7791636665096211,13.744223304166454
1.263482288921583,14.909522667184358
0.498727786969861,14.227728196815004
1.460365049122852,15.046207401522357
0.03720041301444721,14.453249853169682
1.4226422264319647,15.077866159269346
1.71076916076686,14.86570494364633
1.522914522101883,15.02914827284356
0.01625937298898905,14.22087024248843
1.1753130785994994,14.70727891823165
0.8312546845773667,13.818971913671126
0.6256467230505605,13.778452500225828
1.5562215300914437,14.90270535668996
0.673164214156821,13.711380855973482
1.2149858046404638,14.82232384989465
1.542697360726035,14.934691777432038
1.2358271267786518,14.89742993051668
0.010720005957020717,14.088174363530934
0.7025191553719661,13.740473750821295
0.8161559408025998,13.825221656339748
0.1544217514010604,15.182139109979442
1.485991793895681,14.990291328633917
1.7407716362636438,14.841049639391919
0.22822806956090824,15.192132518668767
1.2786443717272191,14.992064231574396
1.7993552191978746,14.986121441523496
0.1620669780813342,15.232815460521802
0.10651462548873547,15.030145506320233
1.4336106729259175,15.0624575734308
0.6291035552393465,13.792015887695191
1.8831885687630407,15.508559585524633
0.6031355936310323,13.871871651897933
0.34188351237416703,14.836281299253008
1.0253272091934997,14.36188916925361
1.3301953545590512,15.023406257581156
1.2604829907501252,14.95937824509024
1.9573849782519839,16.426983192613257
1.504331993863713,14.988518184821727
0.14148971126765342,15.213535307294766
0.44539706166964765,14.404059098958468
0.2472154120375094,15.1593791170965
1.6601333848516506,14.828842231229522
1.4023531021001063,15.048559002398235
1.5357441255703228,14.964174209071208
0.5294590617380761,14.029855063256397
1.9972781400718618,17.21290556395751
0.7547728555205577,13.749971833515163
1.0235155869935437,14.311945186771679
0.27524996475108554,15.135024875187767
0.08308965519165246,14.883364970083274
0.6833833311764945,13.753105216382782
1.55807142415405,14.971275610044406
0.23918313761994936,15.164442088391496
1.6436449148532453,14.843357531882575
1.5208259373800204,15.018909562573178
0.04084738372706043,14.467251224640464
0.9668354262838568,14.169932129012789
0.5906046503350546,13.893845073384929
0.505530185255624,14.129784549042347
1.5919737662927724,14.842523420994949
1.5591746194676532,14.927876830544069
1.8083306297280122,15.080869069590563
0.7267158893830186,13.73270072125828
0.9403370680064553,14.092927471336052
1.4676751969020245,14.988435741138883
1.6767324610839485,14.841329113277741
0.18340593383438852,15.211532064486718
0.46318262674731847,14.30221096610489
1.510876343987875,15.002150617973655
1.5823794029162748,14.943344736211905
0.35492578854475165,14.793814072132946
1.1846979284583745,14.8220305209269
1.9572888932604822,16.49712479330503
0.5943374927897132,13.89849899088374
1.0964612381763488,14.463758610406481
0.05719280412622507,14.62743155898353
1.4031244910445162,15.078933752376537
1.328341328118301,15.015568060723178
0.8465437868759782,13.82451441747625
0.28435375402272234,15.020770527149288
1.062562722683922,14.451179753279654
0.3577242234457667,14.754238684707138
1.739568196449009,14.8346912629928
1.844307068370888,15.204128527419476
0.06488910637181267,14.732291752124434
0.21631710717611496,15.230065234185258
0.23081504235743644,15.178472227828344
0.9194522251188992,14.026723944975144
1.5456537111649686,14.951128112674922
1.1224499356611928,14.622700172732092
1.9125184362844292,15.830944634966633
1.7406656745777898,14.858926261696253
1.2347592087159405,14.866067866041186
0.7830427682667982,13.777655009358016
0.03766422909019229,14.43044038225618
1.1312009765362727,14.707790387398374
1.1263249305930354,14.601587440298484
1.4709161762667844,15.027010369682177
0.545369719669144,14.011221429431105
0.09957343214533299,14.955669104848196
0.8644946977255286,13.894313934300865
1.8323295807350135,15.174565110684998
0.891734816896028,13.961208879180823
0.3003762860949055,14.979921528229939
1.6788195473044591,14.824862176430868
1.0517972525033439,14.41099788625664
1.1949137665366423,14.85842084354777
1.6914356200468004,14.817036544047653
1.736494859404719,14.812374748617874
1.0346790481665011,14.322966243750695
1.59690548562792,14.876596507564111
1.007969199892446,14.320179466307794
1.1668431404311816,14.73127873109525
1.9978035864020585,17.25346879678627
1.3375269029878014,15.060383772097696
0.3680231558466849,14.782665985756775
0.9438591852699842,14.083802063826996
0.5645677217841616,13.980349739157848
0.7092411162192658,13.75268689140162
0.8034921037791805,13.76361963668771
1.4354288560742325,15.042550539542427
0.23681077233050485,15.133721279647128
0.7842447555510448,13.721834346096816
1.405716890497245,15.065662644346629
1.7686098776250019,14.889817083463189
1.937348334953934,16.151237139365758
0.0637296820389952,14.694985618067188
0.12580810964530698,15.11456117656832
0.2767040992701064,15.153114436556871
1.955668334039883,16.44818395253961
1.5015102435577674,14.986876429607696
1.9657915266191155,16.631128259517798
0.5361746367934686,14.036007457682887
0.4847128391591933,14.221795766374525
0.7286362729901963,13.72616548809036
0.7755031303712121,13.700911105990254
1.1445746051518413,14.686438842938188
1.1846147616406306,14.786340495477525
0.996457491854867,14.227848806036258
1.1911881880322206,14.824885259132456
1.1903244656029852,14.787969746730491
1.977588902401884,16.790662658793902
0.23015628383433206,15.231591199139627
0.6963552889494962,13.723753429965184
0.6752029793306282,13.738580389368796
1.194161713033727,14.813776698572884
0.5492987646339997,14.001220366488049
0.6703733985121036,13.745463499430764
0.9939138674324137,14.21752645522578
0.4348642355108183,14.40631463990411
1.1554922021315719,14.747405785870878
0.2389263473468457,15.225192531241747
0.6649256907567018,13.782325412249014
1.5781581843103731,14.872162066725542
1.4963353872403742,15.009382488094444
0.22157787495769488,15.19909107735613
0.2599746646532306,15.111792899111073
0.23409094943185882,15.147699011931484
0.965281465259465,14.136056983350866
0.511866609333975,14.116799351485067
0.14658413360888067,15.163250653664617
0.40530658630019456,14.568105608433836
0.14013832650215718,15.193404963962072
1.3399181016214914,15.060524612400366
1.4203015255651754,15.072601878058766
0.5771582308964738,13.887848466109064
1.9463473724556268,16.327997087780727
1.3983116782861225,15.025859713753217
1.0319800049234011,14.367867098925485
1.593587256854096,14.88755930679686
1.263480831877593,14.96338759698891
1.2119471947404583,14.843367668002573
1.5160208413826792,14.965921999480281
0.24019690919440428,15.164706371551066
0.259654907154111,15.10830581137579
0.03744926013946581,14.514665403938249
1.0064480103450424,14.258974247824955
0.8288302447012719,13.84312097669976
1.3981040525617634,15.068554481513086
1.4368714149053565,15.038449415285825
1.929021484950291,16.040168768735295
0.7140002383579864,13.7141104069594
0.5050683475180437,14.1118370595895
1.3195483709993898,15.025001633022555
1.0260073189255146,14.355393647519817
1.6103699276835524,14.900582178128854
0.4456244616724512,14.359492377672852
0.5919462714929138,13.901307238983785
0.7804060500918393,13.752761258233917
1.1790459007693532,14.768419339382051
1.653179298850577,14.840279443987848
0.10587045583402177,15.064963176771112
0.8127604928265615,13.81486629480602
0.6888234718486343,13.7605164669746
1.9241012851001849,15.996371158549708
1.1349696063137782,14.657512048341268
0.3688015899535113,14.737855291713066
1.0659738260242586,14.42180152799752
0.791589354921107,13.781888820163935
1.6689614120730014,14.839354501094212
0.4544569594068182,14.3085946913959
1.9199523678035513,15.891886106976322
0.0691955601650498,14.773667230317153
1.7597964824120451,14.90323890319933
1.2562273453206014,14.937637049480324
1.166316234308722,14.712705691171987
0.8024732119883804,13.794961044709956
0.3526992273465799,14.807826610465645
0.09602170658758391,14.982412528693503
1.757139449285108,14.83895054069546
1.824423675570245,15.111398785737773
1.8463571009324928,15.259137168297846
1.3640404734253557,15.052459349150816
1.5766257011127593,14.924578032431148
0.3402338684113375,14.81141796623299
0.3568558935156414,14.770428728102601
1.0604342955608628,14.435335041902007
0.7593796262589021,13.745515274659994
1.0296604523700457,14.339065640931805
0.5935226043938899,13.883665838205292
1.8771306527487674,15.445467134885686
1.9367025988032474,16.093300441064724
0.011924565921511254,14.146157572161544
0.5031397744757209,14.174851491941197
1.47924656160594,14.983993097211636
0.46238660385710006,14.339071255041073
1.899404094347746,15.720792595973048
0.3962036164764495,14.559129501759763
0.9461170838386757,14.106414581311853
1.9224385339995445,15.917225335140543
1.6469623528330233,14.83807317494251
0.8649706590557629,13.879056699319511
1.986995913936549,16.985555527517285
1.0924751349430262,14.56746745838316
1.913249573886118,15.87608870975454
1.617372457097557,14.898124564957648
1.0974490343260606,14.53564529334804
1.041368847829344,14.358783567388702
1.752290299198993,14.835121328969144
1.1912629940727935,14.766794001772768
1.8030205631631648,15.023405366488888
1.1573072100361854,14.695130589504338
1.0693661482404586,14.442257962528384
1.5792635915288076,14.894756017637752
0.09661351874962909,14.993998279238276
0.4807619799936025,14.21820615035106
0.9368928707017303,14.010692057254044
0.7835364575281007,13.723808904691355
0.6330478589264255,13.828214054028159
1.8419561210919277,15.176241519370416
0.9453715754514196,14.101451701100727
0.16198665767745712,15.237497462269477
0.533744734992686,14.088211609438297
0.4773018071118098,14.27270752836931
1.3512501156067145,15.012269932332613
1.253001414513397,14.930610855676669
1.958270555512079,16.436974377318585
0.23810735735283783,15.191230695210846
0.18539945942968972,15.248157632269193
1.4545401059645586,15.017531303889475
1.740174226284149,14.881950374136531
0.5112281774007577,14.09975386189256
1.1063737985198938,14.563853507688549
1.9882301623941017,17.00438047886309
0.50714144204777,14.156187486039475
1.4968751246736007,15.016350562955292
1.1191193718890013,14.644216506147302
1.8709989930520545,15.435963103493274
0.45745758515685964,14.33084181688534
0.8496237162490978,13.888340754477353
1.9645898552446595,16.573381746961225
0.730339388603042,13.735610594048234
0.9977182623475622,14.206831317746193
0.5873853657684667,13.900624190787095
1.0524160574286574,14.390521210540973
0.8167704536670399,13.834653166272286
0.22476124960205257,15.24817078059915
0.05457768203840008,14.625242920235294
0.6431601535659648,13.83923662469835
0.3312005660897748,14.8826627844032
0.09550046325247252,15.052333268189129
0.10177552807452428,15.031992277071538
0.09933413204974118,15.039912234181822
1.5068148421350107,14.99164591855749
1.1153627234112256,14.58218710475406
0.6752196169966904,13.761156567148737
0.9207851584681672,13.988973491651613
1.332169274325225,15.054530160332055
1.0236628238193146,14.302912263332418
1.0884010950098724,14.560762466664467
1.4861435124118596,15.01570223704166
0.09942753337209154,14.999138950619601
1.5002916305240637,14.939553556028828
1.7821384874345372,14.963834401803327
0.07618010621900062,14.810025176827555
0.19979498804059603,15.217505681401072
1.558882583213544,14.923388612196788
1.9245968778283673,15.976966485000888
1.6785302426160662,14.821350027779353
1.9653718237473006,16.572952380608072
1.9297352074124405,16.07193373975523
1.1910211875366705,14.798417661306452
1.87777544644105,15.48784130156826
0.20538667108631903,15.240828656819584
0.016401913225909004,14.2080429036786
1.463314878010743,15.041480106812074
0.2906242185342687,15.011331287795269
1.3192766043305186,15.01187724407139
0.0827210870773496,14.882664614410182
1.9854367514499256,16.94736282411445
1.395317978630431,15.085900014398915
0.5762944122236897,13.88962034749923
1.7994934859404466,14.95393450687783
1.300519278203474,14.95805424014209
0.570637775114629,13.952922940449147
0.444449080731562,14.347088025019412
0.45718083972253165,14.319336056279397
0.6001079470544359,13.87608873064401
1.4388046160626091,15.011890610521567
0.24601797885280163,15.178253858019044
1.5178525274072983,14.95765145392586
1.9189040842044636,15.896526983172334
0.6836559082253149,13.74306552855279
0.5505616642995441,14.008695591366338
1.1422149675122644,14.69276136707254
1.6582866974459232,14.839612490896263
0.8942879894424378,13.981599087524357
0.49064324496993916,14.214418913687414
1.9768229259865366,16.814490539319696
1.380819674667279,15.073102389576626
0.7568121013133486,13.75837905704863
0.9057869457457175,13.978890703207341
1.5946985949164412,14.888494853391276
1.7329568466376517,14.803783287672069
0.3778221285457273,14.651102935671458
1.6289449291719476,14.900463448051982
1.0657477793037131,14.477680379201386
0.15452672734319628,15.20884264569154
1.8443234514669455,15.19290437880419
1.9547216461199233,16.41329774846693
0.33960451358286914,14.834393358401407
1.1729464978996704,14.750589915219827
1.3542026798379379,15.053756194630756
1.1057789620879717,14.595932675877709
0.14928728155162596,15.215629904520714
1.6472503675690187,14.805680563705257
1.9725286361487349,16.701935839462227
0.1182349284333446,15.105830397362185
1.424354097688457,15.001831555759985
1.9154762504703045,15.847159083225563
1.8050862709574775,15.043673318395102
0.8785522637482177,13.932762193900246
0.4265944235383532,14.42208949301357
1.296489194601149,14.99335348337328
0.182316178729252,15.243479229296009
0.7678239851535078,13.721161359681194
1.7675736848991528,14.913450059370305
0.8025079864584264,13.785616002526611
1.556513150023336,14.958271028569879
1.2818367465287617,14.97889580088144
0.8570439976425595,13.890465790918302
1.9396472281481314,16.15333568194861
0.7774718999685777,13.75851555078299
0.7053859537088374,13.724236625928803
1.1480064498836202,14.740905956461287
0.30396886458120886,14.965187021127056
1.6282997781034745,14.905772577669298
1.4567790944067698,15.051628643164387
1.451720057129683,15.073635404464765
1.7279594876786544,14.859329749260198
1.4094350327596226,15.109664809793363
1.838831613389428,15.202158354044117
0.5987534607286984,13.882677298716958
0.7230265768492006,13.751760828498698
0.7915692951476596,13.76473319019865
1.0848873445364402,14.47160489855673
0.9863875216987819,14.19932447895905
0.11627532556354958,15.051468069602587
0.549078628302138,14.008174101004105
1.9453362492950206,16.246232003393864
1.1360342595857023,14.686651290819173
0.08040234731581575,14.856897067823887
1.4227002219128653,15.063453270660439
0.4189190035305803,14.491419174301853
0.4141986847029757,14.542999776450992
0.48277624514967177,14.225505193225546
0.41868176894263676,14.50632977603628
0.32907976410366047,14.848886560569257
0.7029881519760302,13.738812354837192
0.7301608827219932,13.776918902491012
0.20655476935935257,15.199243408887403
1.7522278665876732,14.876796736607455
1.9143124844510309,15.835631823692838
0.34437966206822,14.850219184253469
1.8337257266850824,15.190721978304175
0.04937656789992695,14.54264045182432
0.314720048421383,14.969084193374643
0.725612395918019,13.732982439188078
0.39697690972375543,14.589726329211025
0.9373625383888484,14.050125870176572
0.14103951405741055,15.16410382196258
0.5097508476292434,14.117545434535282
0.5155467504388964,14.133369671957167
0.692010263552223,13.743971348648214
1.743727848831225,14.833008861700286
1.6430931546012877,14.870475477364346
1.490912850074464,15.045652756655421
0.022595839480309632,14.247113891970946
1.9644166749556675,16.62284904580029
0.5878050430425301,13.871273784315028
1.7834141547323243,14.94583870575285
0.22034250415319567,15.188103368825898
1.1596505854677863,14.701564062562394
0.9928215488037604,14.222826751857122
0.552173875284256,13.986286757259865
1.8174266974047222,15.075174971449432
0.5361809445810506,14.037785586307777
0.31621061503378023,14.931279464484579
1.2559755860842248,14.974555916319046
0.53045486412021,14.072925235744746
0.9889329984326316,14.233515567487276
1.0688226043349525,14.502561577603263
1.1076744873659348,14.574261961636237
0.06210525303852421,14.73235333584226
1.0550014056436785,14.413880656254001
1.2048463412252544,14.844498791185758
1.7946368553950731,15.010565218160504
0.40846301481831926,14.532080053056928
1.1291512839038929,14.625519333021096
0.5428224499900522,14.025605398402858
0.2828050252514245,15.04962786660913
0.5642715154616929,13.957024460460326
0.009066931306528137,14.051773641573792
1.8233572759563337,15.120389473493281
0.09928518766638317,14.983885475276324
1.5291251185319739,14.914793067247842
1.4269997204108613,15.066030443375386
1.114723217959334,14.635497458514173
0.7574982620357649,13.703238885814876
0.9351578900351687,14.074326290807337
0.7454828437542733,13.766562875361512
1.4106035506245158,15.052045444288803
1.4901521102838269,15.021966541880792
1.5104596381226838,14.983702235703895
1.0059219167037856,14.251760629584535
0.7073470799699473,13.789410792661716
0.036529282880981784,14.458812185096242
0.618821795132461,13.840263294870095
1.6694300109825815,14.88195756165255
1.1399534868524848,14.697116971797257
1.786385043706828,14.94965962980915
1.6830134566882953,14.84445306170124
1.351964973980334,15.060453732060049
1.5514659237843471,14.95040433717911
1.3038634776604319,15.035940585072536
1.0232289543814648,14.300422861110114
1.7759162000729567,14.89109553563039
1.489142603432309,15.035915771191576
0.9225490188638317,14.071574484061452
0.8089906203453343,13.751704106724107
1.1985307472794915,14.828170972941454
1.042447479937941,14.360133137838965
0.46523187194587656,14.336605565507101
0.7157772843450958,13.721258095130903
1.6013301309929373,14.84998428909887
1.5587277168539657,14.907435680812865
1.3044441836140928,14.993117213300714
1.4627932127905245,15.007965854301625
0.14281996728294333,15.156881493973664
1.7369991256840314,14.862019240997489
1.2429111997242028,14.883455762664552
0.023919019444637923,14.292667602820803
0.023904011367327227,14.311401378839106
0.3012455566380936,15.039145933425258
1.595107017584464,14.886937314405104
1.3160602597969515,15.005904044923692
0.21925055926730508,15.264017156543606
1.0760785145436504,14.503311471213557
0.8624103404250951,13.88213088850529
0.9561520381034476,14.10803459936084
1.5484985514563139,14.95603937075103
0.43990075133628115,14.431930086370134
1.6649887818921478,14.85826853779503
0.3982355295165674,14.560624550664247
0.11410758945422339,15.05884407259872
1.008829647378493,14.302221883496179
0.29381843298246335,14.99685086242661
1.38995681800698,15.044448333657508
1.9129624863255312,15.835213275726321
0.553503996878467,13.973809997018357
0.027595241360744094,14.330353907205122
0.9724761921713316,14.119791598968218
0.16843576406472427,15.217791813030273
0.2840116766016354,15.061707362921224
0.39011941693302443,14.603925809718689
0.9700938035418079,14.158003158583584
0.6804949505219458,13.759236850670709
1.0214210965308306,14.270409104543301
1.0641322385301266,14.420450780658904
0.6117788748843558,13.903308513399843
0.5904972282926797,13.876740239964818
0.09252780096773328,14.910548123602018
0.47507939815445677,14.270605155244589
1.888823506210734,15.610964780584617
1.975083967907339,16.81624585578306
1.6681256679117542,14.868451813345361
0.26988373855982317,15.089857305031167
1.149606043708172,14.683710583370164
1.2611141521872147,14.937202553375476
0.08428821448964618,14.880084105128837
0.38034813403476786,14.675179602193733
0.4315793604661531,14.474748585076409
0.2578963731550554,15.153281510141255
0.05661872297944792,14.676285387379101
0.1262663975637366,15.124552367267466
0.4608007904570186,14.317916420140898
0.26371422384816867,15.088753296085654
1.3288918189501238,15.01262758038071
1.9803648936009053,16.86212248541229
1.7740158342174395,14.912535242250232
1.3175434402904362,15.003783662606383
0.24934012648172388,15.13693272149324
1.3156142442746093,14.943208017253346
1.3149573849024963,15.032354203148934
1.1542691940302883,14.711445216745089
1.4499808305165807,15.030440935495843
1.509131195376521,15.004938024073837
0.44379865514670414,14.407222890018382
0.8876995705599691,13.877720980305785
0.1331953094320668,15.104924318430395
1.6438360035406003,14.852607570900371
0.013396654823223386,14.118085912949411
0.9691277530062763,14.115135367049817
1.320061294976107,15.021228961722732
0.404548858459437,14.585131086615425
1.5163155095498375,15.01494652788197
1.2009595275435896,14.840445588211644
1.3887835168435771,15.032907090194595
0.01823718257199003,14.24929489261488
1.3338163619292098,15.046886009281977
1.3361859430515919,15.046238620634284
1.1495888462678805,14.67147636735753
0.946881404829699,14.053729109508744
1.1276387562933898,14.624266752836013
0.7147542605569852,13.72486572228133
1.542531221812174,14.999860382678055
0.7698490391313086,13.7810250213501
1.342478391303745,15.031073261563256
0.5308313357182413,14.00042759611504
1.6835104423879441,14.783330880997951
0.6982627324782613,13.73878502753152
0.15943849753292727,15.212813703354154
1.5906088395530085,14.860955883202884
1.3476618933141202,15.072403680777963
0.5095010658247872,14.137226433055075
0.8017315082758536,13.738046608811374
0.5315491921711906,14.03315890199641
0.585490073310267,13.9377680887067
0.08140132973549319,14.913926546878988
0.8170609084077576,13.817643681763384
0.9408494501168216,14.085487833535785
0.29175442540110774,15.03402853866813
0.09639091502698238,14.984496456223283
1.7139494555543624,14.849426553803768
0.8024366660694855,13.807109491214096
0.33796489809923913,14.867145424980107
0.9643005045543482,14.116118519426957
1.02908360924522,14.320095600355627
1.051720238041032,14.430493209249676
0.7848046527641652,13.772310018644959
1.527878400498132,14.990158330341256
1.438439252928215,15.049342729604513
1.9075657670699109,15.761538838163368
0.6149160982511546,13.814425988587342
0.996661933992967,14.22176711977604
1.8681546476888033,15.35871036262282
0.09589209263460496,15.031894556004623
1.777946883793668,14.883371973090632
0.6750601766796049,13.737381321633027
0.8285756598591374,13.816460944817655
1.9054812924188338,15.727194980080252
1.3256410117571702,14.98578546936133
0.75921902836862,13.738775607902596
0.4781683197173092,14.194615147094119
1.3659390558023459,15.051687063437434
1.7311732806384938,14.851058647718682
1.252471075566164,14.922240578873298
0.5666697370439973,13.923844976285624
1.1204759359537113,14.612738476308008
1.8941982459820723,15.55814255676123
1.9123275877334556,15.815468857936967
1.6263183968737944,14.819465736214259
1.357198313914881,15.027288072483943
1.9778842569088413,16.762350809931053
1.9668465214186874,16.58933681962812
1.3756437548072793,14.990930050832011
1.0337271006806017,14.328673008175665
1.3439548214007413,15.009156413621719
0.1265904969250773,15.098323104243136
0.07042835173462825,14.753639578921936
0.4045507123394825,14.555491854677827
1.9120107387137144,15.82785910172342
1.0948260208071112,14.490142652070098
0.943281369559342,14.082302880407692
0.9606870076818868,14.081233155751288
1.650906719234184,14.872198348550436
0.5922620333444006,13.822186566805723
0.29157129843778007,15.030804765526794
1.5010105927394573,14.978701419626697
0.6181200792659647,13.8462368821563
0.7682300622182159,13.710249039120828
0.7158100718451734,13.725090944066425
1.3348215517231046,15.040664468560742
0.9019318865323311,13.963145670463648
0.4586327531180667,14.319345093744992
0.02292977532428986,14.297713065168839
1.4640370783372774,15.030909205415057
0.7951022478351597,13.758615598914009
1.7917058979941958,14.94620718738881
1.4336639355160516,15.055032638020524
1.9652485721912094,16.589143906279045
1.5838588889491103,14.896921005684847
0.3966872610538903,14.562390065371856
1.6855826687255921,14.843154972930645
1.6377574780879272,14.836055512007595
1.5528207225477264,14.904249874659833
1.3751385159487068,15.024802283894598
1.1545127719448562,14.7124118283021
0.3298270320862644,14.891051374318808
1.9747096637196173,16.74516113416616
1.2486818502942019,14.936662547615773
1.7676795728997161,14.923198238222732
0.7751763097867623,13.755233915586414
0.8224316414027126,13.800246380835215
0.46364236936852254,14.340605796335115
0.33376763708033264,14.825199063955592
0.8701156317026284,13.895417256760847
0.1771143716699617,15.25531800474422
0.05193996644276533,14.625294224006325
1.8436971447746944,15.22283797860071
0.8590254527239127,13.907251937629463
1.1282914224038088,14.6565906706046
0.4014737531860153,14.6008979007626
1.6806914215788948,14.816136769923062
1.5105467911357884,14.988128501763024
1.4219035781020741,15.078311522976382
0.7523747096225359,13.822451878086392
0.7423064108821269,13.761225362657333
0.004184528834355827,14.040691724038716
0.755625685765807,13.741647662737
1.6294923767173346,14.825155536627582
0.8417970880450618,13.834118430330719
1.9065524884834797,15.775012554653683
1.3690783216307933,15.080741665640028
1.754297949153384,14.87899984077828
1.3933450050657656,15.053570802105401
1.9563887717926154,16.439242458864573
0.9180699340177068,14.03161318161663
0.9796445162860825,14.190076621880019
1.76854841250141,14.931850584471327
0.685168097787423,13.75973970734192
0.7430536911581462,13.711908066686169
0.8219871154286973,13.810628202197123
0.05901024021685064,14.726632262732368
0.7070588979254571,13.686192755001414
1.8877742290304462,15.530242152669013
1.1105641475071795,14.584637667730423
0.5986473392157192,13.88585477783638
0.7762975731284136,13.735921364434933
0.6441799355051636,13.739016143575638
1.6854638870783858,14.831267981923602
0.971900577458898,14.1872871859341
0.1996603598055693,15.241190331284132
0.09329185662449935,14.97587478870767
1.957590698920913,16.423073804054972
1.0886110615050753,14.530292238627357
0.9490877349461206,14.130696442245478
0.7430396481338071,13.707951049583682
0.14674466215690285,15.160761615313474
1.3523306826389272,15.03294330215411
1.4247767626496435,15.05981655318628
0.9250516289612638,14.00346947602397
1.6463256209463646,14.86165379129062
0.13358509399285512,15.199873071183356
0.9698644530420937,14.131842960347655
1.021305313399686,14.323680541364979
1.3129432289811964,15.011842214635173
0.3212349446039673,14.953846541155949
1.8760877803458962,15.472128270463912
0.30844976106002187,14.949412970094015
1.3392030512588677,15.022599117894313
1.5102147676169118,14.995143825951608
0.04210234564604831,14.498011063113653
1.514673313448342,14.988586947495666
0.4908128529194047,14.182081863771158
0.004836559086827341,14.000172762304373
1.9996634306450751,17.24680396608023
1.3661583075905708,15.06764175320777
1.3862207653533114,15.050720655316786
1.1326296317617823,14.577879158460997
1.0628447132639056,14.445679627212836
1.5393773353762465,14.95521613169765
0.43723158862582623,14.440702551526266
0.20758597905565268,15.208402410480081
1.4877201454186497,15.042078523085644
0.6018057719890613,13.843206666286337
1.0229209896335485,14.35054509153584
0.4495884677520945,14.355773858676805
1.861743259881392,15.389416051582879
0.4534816535873549,14.364446377030749
1.477240890480226,15.041539051726254
1.4124543392971607,15.06866184835121
1.0558397939439879,14.432112472108397
0.5149311889558021,14.115966748197208
0.6912748466097451,13.707496034676058
1.3478241845799226,15.033490062595655
1.9075010390115594,15.765320091258106
0.8218524578656268,13.810616081034295
1.197105214449573,14.81225753741679
1.4211719317888114,15.020545389173066
0.35343222945433417,14.803744553420897
0.666336344024367,13.762011493340777
1.066714651255759,14.446748221099554
1.5431640141456213,14.952202753057689
1.44406179083731,15.070986510467336
1.0331182114473583,14.38537592581388
0.14110378299056303,15.177123521155895
1.4927435404047942,15.001988649011627
0.9064555150314977,14.022531520850873
1.0104132743607595,14.292551177526407
0.553738617432306,13.985913662942885
0.07137080902858228,14.801549663691272
0.9507072321309074,14.063616813527684
0.31703484074012356,14.941473251197344
1.8473466291093368,15.22723676631765
1.1880460189223727,14.770039206321954
0.08263017502247183,14.896762673376237
0.9804984751596426,14.191301692459723
0.7501111277835684,13.746133777427838
1.3923667204085535,15.094209404744117
1.7297909495834964,14.870882787117933
1.6358956700161786,14.842409912539617
1.3674581750325439,15.058612153885276
0.015457064757195216,14.210699736461216
0.5040414073462729,14.159128838451442
0.7948059990780567,13.71769994065019
0.6440333401953713,13.790467332067385
0.601467027305814,13.865503835901483
0.28034094727404746,15.082539275605134
1.2575246018476374,14.951932739666335
1.527473485225426,15.00783394309809
1.4557303307239609,15.018272134414257
1.087139575719383,14.530077608650394
1.4557106406280529,15.005365165551396
1.6140899817264631,14.903552977565493
0.6858882345346755,13.734899738416702
0.524005389497096,14.116536367537215
0.5634520572355128,13.957072335506373
0.5845044816242231,13.865292177893961
0.022190217802333878,14.303178634718705
0.31595361987461446,14.957318479842275
0.9934959925583402,14.249656201721507
0.0988807981983697,14.99346827137858
1.117162013952082,14.609785874049457
1.8664629313934753,15.368721065468872
0.9387351255193868,14.015928084666806
1.0315241065696739,14.334861332090732
0.7917822633022984,13.782820225072495
1.1249846021580974,14.644486227637831
0.4499888838812307,14.39023662242995
1.4561267175885808,15.028390266478208
1.3135256106315143,15.045637130409203
0.9045601729215491,13.967123813402596
0.9499323756047935,14.080092763369905
1.8212617717850423,15.107977557410955
1.605665329636059,14.837562163669904
0.14222573544733286,15.159836971325024
1.7466401048001723,14.899324719298594
0.502147466674201,14.204299674956127
1.1914745725212437,14.768059157959067
0.2957603290674373,15.02384227384183
0.7447006150319404,13.751338383219414
1.8991297287948108,15.64494683274551
1.2242338699923834,14.932124157929923
1.9266710141518633,16.00044812395325
1.294599698641767,14.942850578069347
1.4756654949942876,15.02688703740935
0.08676996728917974,14.89147524382203
1.9218450517715022,15.958093543303567
1.8195125981549887,15.114384898689211
1.5615637750687634,14.926942536809896
1.943806833177186,16.246332538023676
1.9052017859750607,15.751440691576759
0.9956087072408939,14.193628722927006
1.5872507463527816,14.860965127798817
0.5623584337121672,13.92249686203426
0.7424413568143975,13.769740745370092
0.30692727709139733,15.01582513794273
0.23881355930322945,15.186925883659685
0.4298770317764109,14.470789152950585
1.7612524014741244,14.877686956480149
0.9341209666143264,14.066875521726331
0.3952051386271851,14.576027492751294
0.5449293492423302,14.01677258129763
0.8835283940445828,13.910462529724258
0.1063270010045001,15.060909877299554
1.3523208453037783,15.061165024435047
0.5344692186271813,14.025502513765801
1.3194880955149881,15.026532858292082
0.8024856699006286,13.802182946364928
1.9547140209887777,16.45350508260529
1.2730643139617364,14.913115500963258
0.11909531908791227,15.141529072635995
0.2180177363964788,15.237417272716312
0.42755659234210786,14.446220011902897
1.0907804694095893,14.529041598082939
0.7592997168462758,13.712652966427505
1.0533331353654845,14.356509732694326
1.2017822518210262,14.808605075253755
0.5873634108207095,13.88959654947281
0.15219164264473672,15.213190865082359
0.009779152496627974,14.088384934932249
0.21397522058481644,15.218474230208034
0.48311539598693387,14.251319910575562
0.1606276493247707,15.18060227100835
1.932569671218094,16.122182760896106
1.0787556285997817,14.518403809696556
1.6326282569644746,14.83849428134767
1.7413099554747062,14.799521735096485
1.8716765958251955,15.476013525829183
0.9864881110983057,14.194160488377008
0.7619953787742222,13.70875930275104
1.5479513798532716,14.922332722250072
0.25621101084727504,15.145659808449299
1.4433220049120874,15.052327916805927
0.060258177536338,14.683926159443876
0.5472633558734266,14.019030937593215
0.35349232598703684,14.776006060687441
1.1176393448624828,14.601674938712303
1.191222624732487,14.762639132367548
1.6523796186461783,14.830930612177438
0.021675964842709394,14.268569988046513
1.569247808213084,14.935280736259417
0.9121807830392046,13.973481721508836
0.2593616026866741,15.084630812630106
0.3529820181462693,14.75766272422201
1.4995703313518693,15.023880047686564
0.2804337734047513,15.062573457003133
1.133375544692437,14.66640487967904
0.36069709260950145,14.78680695670035
1.1888596606309292,14.822074326903303
0.8044657696120134,13.763315472101024
0.16795871616020097,15.21164034070369
0.22044428534231986,15.27228319534857
0.7112716631382956,13.729809469041237
1.3824952855388533,15.05311808595649
1.6278539475898985,14.8672656127083
1.441767052128192,15.092730063935397
1.1131679637328626,14.581653001711459
1.2226892882529332,14.838964696826242
0.08986022775401592,14.922265734222616
1.3625650938604987,15.028319778729546
0.265716189351072,15.135638408502055
0.7517607407576421,13.72516595844871
0.9852550534027276,14.228596392462237
0.22831847663068827,15.180105820073285
0.25317895990948647,15.12998518177299
0.10303938578463145,14.995572421867177
0.34778199427465006,14.818603867912264
0.7149701653685587,13.731270816019032
1.305436005190104,14.971223641648823
